Country,vaccinationratio,populationratio,ratioofratios
India,0.897314539163793,0.9434884421300441,0.9510604466314312
