Country,vaccinateddose1ratio,vaccinateddose2ratio
India,0.39420443197342175,0.11711796466729901
